city,country,category,best_time_to_travel
London,United Kingdom,"['history', 'culture', 'museums', 'theatre', 'shopping', 'landmarks', 'nightlife', 'royalty']",[]
Paris,France,"['art', 'museums', 'landmarks', 'culture', 'history', 'food', 'romance', 'shopping', 'nightlife']",[]
Rome,Italy,"['history', 'ancient ruins', 'culture', 'art', 'food', 'religion', 'landmarks']",[]
Berlin,Germany,"['history', 'culture', 'nightlife', 'art', 'museums', 'music']",[]
Madrid,Spain,"['art', 'museums', 'nightlife', 'food', 'culture', 'history', 'shopping']",[]
Prague,Czech Republic,"['history', 'architecture', 'culture', 'beer', 'nightlife', 'budget-friendly']",[]
Amsterdam,Netherlands,"['canals', 'culture', 'history', 'museums', 'cycling', 'nightlife']",[]
Athens,Greece,"['history', 'ancient ruins', 'culture', 'mythology', 'food', 'islands (nearby)']",[]
Lisbon,Portugal,"['history', 'culture', 'food', 'viewpoints', 'coastline', 'nightlife', 'fado music']",[]
Interlaken,Switzerland,"['mountains', 'hiking', 'adventure sports', 'lakes', 'skiing (winter)', 'nature']",[]
Reykjavik,Iceland,"['nature', 'northern lights (winter)', 'geothermal spas', 'glaciers', 'hiking', 'adventure']",[]
Vienna,Austria,"['music', 'history', 'culture', 'palaces', 'coffee houses', 'art']",[]
Dublin,Ireland,"['pubs', 'culture', 'history', 'literature', 'music', 'nightlife']",[]
Copenhagen,Denmark,"['design', 'food', 'cycling', 'culture', 'history', 'canals', 'hygge']",[]
Stockholm,Sweden,"['archipelago', 'history', 'design', 'museums', 'culture', 'canals']",[]
Tokyo,Japan,"['culture', 'food', 'technology', 'shopping', 'temples', 'shrines', 'nightlife', 'pop culture']",[]
Kyoto,Japan,"['culture', 'history', 'temples', 'shrines', 'gardens', 'geisha district', 'traditional arts']",[]
Seoul,South Korea,"['culture', 'food', 'k-pop', 'shopping', 'history', 'palaces', 'nightlife', 'technology']",[]
Beijing,China,"['history', 'culture', 'landmarks (great wall nearby)', 'palaces', 'temples', 'food']",[]
Shanghai,China,"['modern architecture', 'shopping', 'food', 'culture', 'nightlife', 'history (bund)']",[]
Hong Kong,China,"['skyline', 'shopping', 'food', 'dim sum', 'hiking', 'finance', 'culture']",[]
Bangkok,Thailand,"['culture', 'temples', 'food', 'street markets', 'nightlife', 'shopping', 'canals']",[]
Chiang Mai,Thailand,"['culture', 'temples', 'mountains', 'hiking', 'elephants (ethical sanctuaries)', 'crafts', 'lanna culture']",[]
Singapore,Singapore,"['food', 'shopping', 'gardens', 'modern architecture', 'culture (mix)', 'family-friendly']",[]
Bali (Denpasar/Ubud),Indonesia,"['beach', 'surfing', 'culture', 'temples', 'yoga', 'wellness', 'nature', 'rice paddies', 'diving']",[]
Hanoi,Vietnam,"['culture', 'history', 'food', 'french colonial architecture', 'street life', 'halong bay (nearby)']",[]
Ho Chi Minh City,Vietnam,"['history (war museums)', 'food', 'nightlife', 'french colonial architecture', 'mekong delta (nearby)']",[]
Delhi,India,"['history', 'culture', 'monuments', 'food', 'shopping', 'temples', 'mughal architecture']",[]
Mumbai,India,"['bollywood', 'finance', 'food', 'culture', 'colonial architecture', 'nightlife', 'coastline']",[]
Jaipur,India,"['history', 'culture', 'palaces', 'forts', 'shopping (textiles', 'gems)', 'architecture (pink city)']",[]
Dubai,United Arab Emirates,"['luxury', 'shopping', 'modern architecture', 'desert safaris', 'beach', 'nightlife']",[]
Istanbul,Turkey,"['history', 'culture', 'mosques', 'bazaars', 'food', 'architecture (east meets west)']",[]
New York City,USA,"['landmarks', 'museums', 'theatre (broadway)', 'culture', 'food', 'shopping', 'nightlife', 'finance']",[]
Los Angeles,USA,"['entertainment (hollywood)', 'beaches', 'theme parks', 'culture', 'food', 'hiking', 'museums']",[]
San Francisco,USA,"['landmarks (golden gate bridge)', 'culture', 'tech', 'food', 'history (alcatraz)', 'hills', 'diverse neighborhoods']",[]
Chicago,USA,"['architecture', 'museums', 'food (deep dish pizza)', 'music (blues', 'jazz)', 'theatre', 'lakefront']",[]
Miami,USA,"['beaches', 'nightlife', 'art deco architecture', 'latin culture', 'art', 'food']",[]
New Orleans,USA,"['music (jazz)', 'food (creole/cajun)', 'culture', 'history (french quarter)', 'nightlife', 'festivals (mardi gras)']",[]
Denver,USA,"['mountains (nearby)', 'hiking', 'skiing (nearby)', 'craft beer', 'city culture', 'nature']",[]
Vancouver,Canada,"['nature', 'mountains', 'ocean', 'city culture', 'food', 'hiking', 'skiing (nearby)']",[]
Toronto,Canada,"['culture (multicultural)', 'food', 'museums', 'theatre', 'nightlife', 'landmarks (cn tower)', 'islands']",[]
Montreal,Canada,"['culture (french/english)', 'history', 'food', 'festivals', 'architecture', 'nightlife']",[]
Mexico City,Mexico,"['history (aztec/colonial)', 'culture', 'museums', 'food', 'art (frida kahlo)', 'ruins (teotihuacan nearby)']",[]
Cancun,Mexico,"['beaches', 'nightlife', 'resorts', 'mayan ruins (nearby)', 'diving', 'snorkeling']",[]
Rio de Janeiro,Brazil,"['beaches (copacabana', 'ipanema)', 'landmarks (christ the redeemer', 'sugarloaf)', 'carnival', 'nightlife', 'music (samba)', 'nature']",[]
Buenos Aires,Argentina,"['culture', 'tango', 'food (steak', 'wine)', 'european architecture', 'nightlife', 'history']",[]
Cusco,Peru,"['history (inca)', 'culture', 'gateway to machu picchu', 'ruins', 'trekking', 'andean culture']",[]
Lima,Peru,"['food (ceviche', 'gastronomy)', 'history (colonial)', 'museums', 'coastline', 'culture']",[]
Santiago,Chile,"['city culture', 'museums', 'food', 'wine regions (nearby)', 'andes mountains (nearby for skiing/hiking)']",[]
Bogotá,Colombia,"['culture', 'history (la candelaria)', 'museums (gold museum)', 'food', 'street art', 'mountains (nearby)']",[]
Sydney,Australia,"['landmarks (opera house', 'harbour bridge)', 'beaches', 'harbour', 'city culture', 'food', 'nightlife', 'nature (nearby)']",[]
Melbourne,Australia,"['culture', 'food', 'coffee', 'sports', 'art', 'laneways', 'shopping', 'great ocean road (nearby)']",[]
Cairns,Australia,"['gateway to great barrier reef', 'rainforest (daintree)', 'diving', 'snorkeling', 'adventure', 'tropical nature']",[]
Auckland,New Zealand,"['harbour', 'sailing', 'city culture', 'volcanoes', 'maori culture', 'nature (nearby islands/forests)']",[]
Queenstown,New Zealand,"['adventure sports (bungee', 'skiing', 'jet boating)', 'mountains', 'lakes', 'scenery', 'hiking', 'wine']",[]
Edinburgh,United Kingdom,"['history', 'culture', 'castle', 'architecture', 'festivals (aug)', 'hiking', 'nightlife']",[]
Manchester,United Kingdom,"['music', 'football', 'industrial history', 'nightlife', 'culture', 'museums']",[]
Barcelona,Spain,"['architecture (gaudi)', 'beach', 'nightlife', 'food (tapas)', 'culture', 'art']",[]
Seville,Spain,"['flamenco', 'history', 'culture', 'architecture (moorish)', 'food', 'festivals (semana santa', 'feria)']",[]
Florence,Italy,"['art (renaissance)', 'history', 'architecture', 'museums', 'food', 'wine', 'leather goods']",[]
Venice,Italy,"['canals', 'romance', 'history', 'art', 'architecture', 'gondolas', 'unique cityscape']",[]
Munich,Germany,"['beer culture (oktoberfest)', 'history', 'museums', 'gateway to alps', 'palaces', 'parks']",[]
Hamburg,Germany,"['port city', 'canals', 'nightlife', 'maritime history', 'music venues', 'architecture']",[]
Nice,France,"['beach', 'french riviera', 'art', 'promenade', 'old town', 'food (nicoise)']",[]
Lyon,France,"['food (gastronomy)', 'history (roman)', 'rivers', 'silk weaving', 'traboules', 'culture']",[]
Krakow,Poland,"['history', 'culture', 'medieval architecture', 'nightlife', 'budget-friendly', 'nearby auschwitz/salt mines']",[]
Budapest,Hungary,"['thermal baths', 'history', 'architecture (parliament)', 'danube river', 'nightlife (ruin bars)']",[]
Brussels,Belgium,"['eu capital', 'history', 'architecture (grand place)', 'chocolate', 'beer', 'comics']",[]
Bruges,Belgium,"['medieval town', 'canals', 'history', 'chocolate', 'beer', 'charming architecture']",[]
Zurich,Switzerland,"['finance', 'lake', 'shopping', 'mountains (nearby)', 'museums', 'chocolate']",[]
Bergen,Norway,"['fjords (gateway)', 'history (hanseatic wharf)', 'nature', 'hiking', 'seafood']",[]
Osaka,Japan,"['food (street food)', 'nightlife', 'modern culture', 'castle', 'shopping (dotonbori)']",[]
Sapporo,Japan,"['snow festival (feb)', 'skiing (nearby)', 'beer', 'nature (hokkaido)', 'seafood']",[]
Xi'an,China,"['history (terracotta army', 'ancient capital)', 'culture', 'silk road history', 'city wall', 'food']",[]
Chengdu,China,"['pandas (research base)', 'food (sichuan cuisine)', 'culture', 'tea houses', 'history']",[]
Busan,South Korea,"['beach', 'port city', 'seafood markets', 'temples', 'culture', 'film festival']",[]
Varanasi,India,"['spirituality', 'ganges river', 'hindu rituals', 'culture', 'temples', 'oldest living city']",[]
Goa,India,"['beaches', 'relaxation', 'parties', 'portuguese history', 'nature', 'yoga']",[]
Phuket,Thailand,"['beaches', 'islands (nearby)', 'diving', 'snorkeling', 'nightlife', 'resorts']",[]
Da Nang,Vietnam,"['beaches', 'marble mountains', 'modern bridges', 'gateway to hoi an/hue', 'food']",[]
Kuala Lumpur,Malaysia,"['modern architecture (petronas towers)', 'culture (malay', 'chinese', 'indian)', 'food', 'shopping', 'caves (batu)']",[]
Yogyakarta,Indonesia,"['javanese culture', 'history', 'temples (borobudur', 'prambanan nearby)', 'art', 'batik']",[]
Kathmandu,Nepal,"['gateway to himalayas', 'temples', 'culture', 'history', 'trekking base', 'spirituality']",[]
Jerusalem,Israel,"['religion (judaism', 'christianity', 'islam)', 'history', 'archaeology', 'culture', 'old city']",[]
Boston,USA,"['history (american revolution)', 'academia (harvard', 'mit nearby)', 'culture', 'seafood', 'sports', 'walking city']",[]
Seattle,USA,"['tech', 'coffee culture', 'music history (grunge)', 'nature (mountains', 'water)', 'markets (pike place)']",[]
Washington D.C.,USA,"['monuments', 'museums (smithsonian)', 'history', 'politics', 'government', 'memorials']",[]
Las Vegas,USA,"['entertainment', 'nightlife', 'gambling', 'shows', 'resorts', 'dining', 'desert (nearby)']",[]
Austin,USA,"['live music', 'food (bbq', 'tex-mex)', 'tech scene', 'culture', 'festivals (sxsw)', 'outdoors']",[]
Honolulu,USA,"['beaches (waikiki)', 'surfing', 'polynesian culture', 'history (pearl harbor)', 'nature']",[]
Calgary,Canada,"['gateway to canadian rockies (banff nearby)', 'stampede (july)', 'oil industry', 'city culture']",[]
Quebec City,Canada,"['history (unesco world heritage site)', 'french culture', 'charming old town', 'winter carnival']",[]
Guadalajara,Mexico,"['culture (mariachi', 'tequila)', 'history', 'architecture', 'food', 'crafts']",[]
Oaxaca,Mexico,"['culture (indigenous)', 'food (mole)', 'history (monte alban ruins)', 'mezcal', 'crafts', 'festivals (day of the dead)']",[]
Medellín,Colombia,"['innovation', 'culture', 'nightlife', 'surrounding nature (mountains)', 'cable cars', 'transformation story']",[]
Cartagena,Colombia,"['colonial old town (walled city)', 'caribbean coast', 'history', 'islands (nearby)', 'nightlife', 'colourful architecture']",[]
Quito,Ecuador,"['colonial history (unesco world heritage site)', 'equator line (nearby)', 'andean scenery', 'gateway to galapagos']",[]
Mendoza,Argentina,"['wine region (malbec)', 'andes mountains', 'food', 'adventure (hiking', 'rafting)']",[]
San Pedro de Atacama,Chile,"['desert landscapes', 'stargazing', 'geysers', 'salt flats', 'adventure', 'unique geology']",[]
Salvador,Brazil,"['afro-brazilian culture', 'history (first capital)', 'music (samba-reggae)', 'beaches', 'carnival', 'colonial architecture']",[]
Perth,Australia,"['beaches', 'sunshine', 'isolation', 'nature (kings park', 'rottnest island)', 'wine region (swan valley)']",[]
Brisbane,Australia,"['river city', 'subtropical climate', 'culture', 'gateway to gold coast/sunshine coast', 'nature (nearby)']",[]
Adelaide,Australia,"['wine regions (barossa', 'mclaren vale nearby)', 'festivals', 'food culture', 'relaxed city life', 'coastline']",[]
Hobart,Australia,"['tasmania', 'nature', 'history (port arthur nearby)', 'art (mona)', 'food (seafood)', 'harbour']",[]
Wellington,New Zealand,"['capital city', 'culture (te papa museum)', 'coffee', 'craft beer', 'harbour', 'windy city']",[]
Christchurch,New Zealand,"['gateway to south island', 'gardens', 'rebuild/innovation (post-earthquake)', 'avon river', 'antarctic centre']",[]
Galle,Sri Lanka,"['history', 'colonial architecture (dutch fort)', 'beach', 'culture', 'shopping', 'cricket']",[]
Kandy,Sri Lanka,"['culture', 'religion (temple of the tooth)', 'history', 'lake', 'botanical gardens', 'gateway to hill country']",[]
Ella,Sri Lanka,"['mountains', 'hiking', 'tea plantations', 'scenery', 'train journey', 'waterfalls', 'relaxation']",[]
Habarana,Sri Lanka,"['gateway to sigiriya', 'gateway to minneriya/kaudulla parks (elephants)', 'wildlife safaris', 'nature hub']",[]
Mirissa,Sri Lanka,"['beach', 'whale watching', 'surfing', 'relaxation', 'nightlife (beach bars)', 'fishing harbour']",[]
